measurement,elapsed_hours,timestamp,tries,mass_g,raw_response
1,0.0,2026-07-07 11:17:36,1,145.95,SI ?     145.95 g
2,0.25,2026-07-07 11:32:36,1,146.22,SI ?     146.22 g
3,0.5,2026-07-07 11:47:36,1,146.42,SI ?     146.42 g
4,0.75,2026-07-07 12:02:36,1,146.65,SI       146.65 g
5,1.0,2026-07-07 12:17:36,1,146.83,SI       146.83 g
6,1.25,2026-07-07 12:32:36,1,146.94,SI ?     146.94 g
7,1.5,2026-07-07 12:47:36,1,147.05,SI ?     147.05 g
8,1.75,2026-07-07 13:02:36,1,147.11,SI ?     147.11 g
9,2.0,2026-07-07 13:17:36,1,147.18,SI       147.18 g
10,2.25,2026-07-07 13:32:36,1,147.28,SI ?     147.28 g
11,2.5,2026-07-07 13:47:36,1,147.4,SI       147.40 g
12,2.75,2026-07-07 14:02:36,1,147.48,SI       147.48 g
13,3.0,2026-07-07 14:17:36,1,147.55,SI       147.55 g
14,3.25,2026-07-07 14:32:36,1,147.66,SI       147.66 g
15,3.5,2026-07-07 14:47:36,1,147.73,SI ?     147.73 g
16,3.75,2026-07-07 15:02:36,1,147.86,SI ?     147.86 g
17,4.0,2026-07-07 15:17:36,1,147.91,SI       147.91 g
18,4.25,2026-07-07 15:32:36,1,147.98,SI ?     147.98 g
19,4.5,2026-07-07 15:47:36,1,148.11,SI       148.11 g
20,4.75,2026-07-07 16:02:36,1,148.17,SI ?     148.17 g
21,5.0,2026-07-07 16:17:36,1,148.2,SI ?     148.20 g
22,5.25,2026-07-07 16:32:36,1,148.34,SI ?     148.34 g
23,5.5,2026-07-07 16:47:36,1,148.42,SI ?     148.42 g
24,5.75,2026-07-07 17:02:36,1,148.48,SI       148.48 g
25,6.0,2026-07-07 17:17:36,1,148.56,SI       148.56 g
26,6.25,2026-07-07 17:32:36,1,148.63,SI ?     148.63 g
27,6.5,2026-07-07 17:47:36,1,148.7,SI ?     148.70 g
28,6.75,2026-07-07 18:02:36,1,148.77,SI ?     148.77 g
29,7.0,2026-07-07 18:17:36,1,148.83,SI ?     148.83 g
30,7.25,2026-07-07 18:32:36,1,148.9,SI ?     148.90 g
31,7.5,2026-07-07 18:47:36,1,148.96,SI ?     148.96 g
32,7.75,2026-07-07 19:02:36,1,149.02,SI ?     149.02 g
33,8.0,2026-07-07 19:17:36,1,149.08,SI ?     149.08 g
34,8.25,2026-07-07 19:32:36,1,149.14,SI       149.14 g
35,8.5,2026-07-07 19:47:36,1,149.19,SI ?     149.19 g
36,8.75,2026-07-07 20:02:36,1,149.31,SI       149.31 g
37,9.0,2026-07-07 20:17:36,1,149.36,SI       149.36 g
38,9.25,2026-07-07 20:32:36,1,149.39,SI ?     149.39 g
39,9.5,2026-07-07 20:47:36,1,149.46,SI       149.46 g
40,9.75,2026-07-07 21:02:36,1,149.53,SI       149.53 g
41,10.0,2026-07-07 21:17:36,1,149.59,SI       149.59 g
42,10.25,2026-07-07 21:32:36,1,149.65,SI       149.65 g
43,10.5,2026-07-07 21:47:36,1,149.71,SI ?     149.71 g
44,10.75,2026-07-07 22:02:36,1,149.77,SI ?     149.77 g
45,11.0,2026-07-07 22:17:36,1,149.83,SI ?     149.83 g
46,11.25,2026-07-07 22:32:36,1,149.87,SI       149.87 g
47,11.5,2026-07-07 22:47:36,1,149.93,SI ?     149.93 g
48,11.75,2026-07-07 23:02:36,1,150.0,SI       150.00 g
49,12.0,2026-07-07 23:17:36,1,150.08,SI ?     150.08 g
50,12.25,2026-07-07 23:32:36,1,150.1,SI ?     150.10 g
51,12.5,2026-07-07 23:47:36,1,150.16,SI ?     150.16 g
52,12.75,2026-07-08 00:02:36,1,150.21,SI ?     150.21 g
53,13.0,2026-07-08 00:17:36,1,150.24,SI       150.24 g
54,13.25,2026-07-08 00:32:36,1,150.32,SI ?     150.32 g
55,13.5,2026-07-08 00:47:36,1,150.37,SI       150.37 g
56,13.75,2026-07-08 01:02:36,1,150.44,SI       150.44 g
57,14.0,2026-07-08 01:17:36,1,150.46,SI ?     150.46 g
58,14.25,2026-07-08 01:32:36,1,150.51,SI ?     150.51 g
59,14.5,2026-07-08 01:47:36,1,150.53,SI ?     150.53 g
60,14.75,2026-07-08 02:02:36,1,150.6,SI ?     150.60 g
61,15.0,2026-07-08 02:17:36,1,150.67,SI ?     150.67 g
62,15.25,2026-07-08 02:32:36,1,150.73,SI ?     150.73 g
63,15.5,2026-07-08 02:47:36,1,150.77,SI ?     150.77 g
64,15.75,2026-07-08 03:02:36,1,150.79,SI ?     150.79 g
65,16.0,2026-07-08 03:17:36,1,150.86,SI ?     150.86 g
66,16.25,2026-07-08 03:32:36,1,150.89,SI ?     150.89 g
67,16.5,2026-07-08 03:47:36,1,150.93,SI       150.93 g
68,16.75,2026-07-08 04:02:36,1,150.99,SI ?     150.99 g
69,17.0,2026-07-08 04:17:36,1,151.04,SI ?     151.04 g
70,17.25,2026-07-08 04:32:36,1,151.1,SI       151.10 g
71,17.5,2026-07-08 04:47:36,1,151.13,SI       151.13 g
72,17.75,2026-07-08 05:02:36,1,151.14,SI       151.14 g
73,18.0,2026-07-08 05:17:36,1,151.23,SI ?     151.23 g
74,18.25,2026-07-08 05:32:36,1,151.27,SI ?     151.27 g
75,18.5,2026-07-08 05:47:36,1,151.33,SI ?     151.33 g
76,18.75,2026-07-08 06:02:36,1,151.33,SI ?     151.33 g
77,19.0,2026-07-08 06:17:36,1,151.39,SI ?     151.39 g
78,19.25,2026-07-08 06:32:36,1,151.45,SI       151.45 g
79,19.5,2026-07-08 06:47:36,1,151.47,SI ?     151.47 g
80,19.75,2026-07-08 07:02:36,1,151.55,SI ?     151.55 g
81,20.0,2026-07-08 07:17:36,1,151.63,SI       151.63 g
82,20.25,2026-07-08 07:32:36,1,151.69,SI ?     151.69 g
83,20.5,2026-07-08 07:47:36,1,151.79,SI ?     151.79 g
84,20.75,2026-07-08 08:02:36,1,151.81,SI ?     151.81 g
85,21.0,2026-07-08 08:17:36,1,151.85,SI ?     151.85 g
86,21.25,2026-07-08 08:32:36,1,151.83,SI       151.83 g
87,21.5,2026-07-08 08:47:36,1,151.83,SI ?     151.83 g
88,21.75,2026-07-08 09:02:36,1,151.89,SI ?     151.89 g
89,22.0,2026-07-08 09:17:36,1,151.91,SI ?     151.91 g
90,22.25,2026-07-08 09:32:36,1,151.93,SI       151.93 g
91,22.5,2026-07-08 09:47:36,1,151.97,SI ?     151.97 g
92,22.75,2026-07-08 10:02:36,1,151.98,SI ?     151.98 g
93,23.0,2026-07-08 10:17:36,1,152.03,SI ?     152.03 g
94,23.25,2026-07-08 10:32:36,1,152.09,SI       152.09 g
95,23.5,2026-07-08 10:47:36,1,152.1,SI       152.10 g
96,23.75,2026-07-08 11:02:36,1,152.14,SI       152.14 g
97,24.0,2026-07-08 11:17:36,1,152.16,SI ?     152.16 g
98,24.25,2026-07-08 11:32:36,1,152.22,SI ?     152.22 g
99,24.5,2026-07-08 11:47:36,1,152.24,SI ?     152.24 g
100,24.75,2026-07-08 12:02:36,1,152.25,SI ?     152.25 g
101,25.0,2026-07-08 12:17:36,1,152.31,SI       152.31 g
102,25.25,2026-07-08 12:32:36,1,152.33,SI       152.33 g
103,25.5,2026-07-08 12:47:36,1,152.38,SI       152.38 g
104,25.75,2026-07-08 13:02:36,1,152.4,SI       152.40 g
105,26.0,2026-07-08 13:17:36,1,152.45,SI       152.45 g
106,26.25,2026-07-08 13:32:36,1,152.46,SI ?     152.46 g
107,26.5,2026-07-08 13:47:36,1,152.51,SI ?     152.51 g
108,26.75,2026-07-08 14:02:36,1,152.52,SI ?     152.52 g
109,27.0,2026-07-08 14:17:36,1,152.51,SI ?     152.51 g
110,27.25,2026-07-08 14:32:36,1,152.57,SI ?     152.57 g
111,27.5,2026-07-08 14:47:36,1,152.63,SI       152.63 g
112,27.75,2026-07-08 15:02:36,1,152.63,SI ?     152.63 g
113,28.0,2026-07-08 15:17:36,1,152.69,SI ?     152.69 g
114,28.25,2026-07-08 15:32:36,1,152.7,SI ?     152.70 g
115,28.5,2026-07-08 15:47:36,1,152.73,SI       152.73 g
116,28.75,2026-07-08 16:02:36,1,152.77,SI ?     152.77 g
117,29.0,2026-07-08 16:17:36,1,152.79,SI ?     152.79 g
118,29.25,2026-07-08 16:32:36,1,152.81,SI       152.81 g
119,29.5,2026-07-08 16:47:36,1,152.83,SI       152.83 g
120,29.75,2026-07-08 17:02:36,1,152.92,SI ?     152.92 g
121,30.0,2026-07-08 17:17:36,1,152.89,SI ?     152.89 g
122,30.25,2026-07-08 17:32:36,1,152.89,SI ?     152.89 g
123,30.5,2026-07-08 17:47:36,1,152.97,SI       152.97 g
124,30.75,2026-07-08 18:02:36,1,152.99,SI       152.99 g
125,31.0,2026-07-08 18:17:36,1,153.02,SI ?     153.02 g
126,31.25,2026-07-08 18:32:36,1,153.04,SI       153.04 g
127,31.5,2026-07-08 18:47:36,1,153.09,SI ?     153.09 g
128,31.75,2026-07-08 19:02:36,1,153.09,SI ?     153.09 g
129,32.0,2026-07-08 19:17:36,1,153.16,SI       153.16 g
130,32.25,2026-07-08 19:32:36,1,153.19,SI ?     153.19 g
131,32.5,2026-07-08 19:47:36,1,153.17,SI ?     153.17 g
132,32.75,2026-07-08 20:02:36,1,153.22,SI ?     153.22 g
133,33.0,2026-07-08 20:17:36,1,153.2,SI       153.20 g
134,33.25,2026-07-08 20:32:36,1,153.27,SI ?     153.27 g
135,33.5,2026-07-08 20:47:36,1,153.31,SI       153.31 g
136,33.75,2026-07-08 21:02:36,1,153.29,SI       153.29 g
137,34.0,2026-07-08 21:17:36,1,153.37,SI       153.37 g
138,34.25,2026-07-08 21:32:36,1,153.37,SI ?     153.37 g
139,34.5,2026-07-08 21:47:36,1,153.4,SI       153.40 g
140,34.75,2026-07-08 22:02:36,1,153.44,SI       153.44 g
141,35.0,2026-07-08 22:17:36,1,153.44,SI ?     153.44 g
142,35.25,2026-07-08 22:32:36,1,153.47,SI ?     153.47 g
143,35.5,2026-07-08 22:47:36,1,153.45,SI       153.45 g
144,35.75,2026-07-08 23:02:36,1,153.54,SI ?     153.54 g
145,36.0,2026-07-08 23:17:36,1,153.58,SI ?     153.58 g
146,36.25,2026-07-08 23:32:36,1,153.59,SI ?     153.59 g
147,36.5,2026-07-08 23:47:36,1,153.58,SI ?     153.58 g
148,36.75,2026-07-09 00:02:36,1,153.64,SI       153.64 g
149,37.0,2026-07-09 00:17:36,1,153.65,SI ?     153.65 g
150,37.25,2026-07-09 00:32:36,1,153.65,SI       153.65 g
151,37.5,2026-07-09 00:47:36,1,153.74,SI ?     153.74 g
152,37.75,2026-07-09 01:02:36,1,153.8,SI       153.80 g
153,38.0,2026-07-09 01:17:36,1,153.87,SI ?     153.87 g
154,38.25,2026-07-09 01:32:36,1,153.91,SI ?     153.91 g
155,38.5,2026-07-09 01:47:36,1,153.94,SI       153.94 g
156,38.75,2026-07-09 02:02:36,1,153.96,SI ?     153.96 g
157,39.0,2026-07-09 02:17:36,1,153.92,SI ?     153.92 g
158,39.25,2026-07-09 02:32:36,1,153.89,SI ?     153.89 g
159,39.5,2026-07-09 02:47:36,1,153.93,SI       153.93 g
160,39.75,2026-07-09 03:02:36,1,153.96,SI ?     153.96 g
161,40.0,2026-07-09 03:17:36,1,153.93,SI ?     153.93 g
162,40.25,2026-07-09 03:32:36,1,153.98,SI       153.98 g
163,40.5,2026-07-09 03:47:36,1,154.02,SI ?     154.02 g
164,40.75,2026-07-09 04:02:36,1,154.01,SI ?     154.01 g
165,41.0,2026-07-09 04:17:36,1,154.05,SI ?     154.05 g
166,41.25,2026-07-09 04:32:36,1,154.04,SI       154.04 g
167,41.5,2026-07-09 04:47:36,1,154.08,SI       154.08 g
168,41.75,2026-07-09 05:02:36,1,154.07,SI ?     154.07 g
169,42.0,2026-07-09 05:17:36,1,154.12,SI       154.12 g
170,42.25,2026-07-09 05:32:36,1,154.1,SI ?     154.10 g
171,42.5,2026-07-09 05:47:36,1,154.11,SI       154.11 g
172,42.75,2026-07-09 06:02:36,1,154.13,SI       154.13 g
173,43.0,2026-07-09 06:17:36,1,154.17,SI ?     154.17 g
174,43.25,2026-07-09 06:32:36,1,154.17,SI ?     154.17 g
175,43.5,2026-07-09 06:47:36,1,154.19,SI       154.19 g
176,43.75,2026-07-09 07:02:36,1,154.23,SI ?     154.23 g
177,44.0,2026-07-09 07:17:36,1,154.23,SI ?     154.23 g
178,44.25,2026-07-09 07:32:36,1,154.22,SI       154.22 g
179,44.5,2026-07-09 07:47:36,1,154.25,SI       154.25 g
180,44.75,2026-07-09 08:02:36,1,154.29,SI       154.29 g
181,45.0,2026-07-09 08:17:36,1,154.32,SI ?     154.32 g
182,45.25,2026-07-09 08:32:36,1,154.32,SI ?     154.32 g
183,45.5,2026-07-09 08:47:36,1,154.31,SI       154.31 g
184,45.75,2026-07-09 09:02:36,1,154.37,SI ?     154.37 g
185,46.0,2026-07-09 09:17:36,1,154.37,SI ?     154.37 g
186,46.25,2026-07-09 09:32:36,1,154.4,SI ?     154.40 g
187,46.5,2026-07-09 09:47:36,1,154.4,SI       154.40 g
188,46.75,2026-07-09 10:02:36,1,154.44,SI       154.44 g
189,47.0,2026-07-09 10:17:36,1,154.42,SI ?     154.42 g
190,47.25,2026-07-09 10:32:36,1,154.46,SI ?     154.46 g
191,47.5,2026-07-09 10:47:36,1,154.47,SI ?     154.47 g
192,47.75,2026-07-09 11:02:36,1,154.49,SI ?     154.49 g
193,48.0,2026-07-09 11:17:36,1,154.57,SI ?     154.57 g
194,48.25,2026-07-09 11:32:36,1,154.51,SI ?     154.51 g
195,48.5,2026-07-09 11:47:36,1,154.55,SI ?     154.55 g
196,48.75,2026-07-09 12:02:36,1,154.58,SI       154.58 g
197,49.0,2026-07-09 12:17:36,1,154.55,SI ?     154.55 g
198,49.25,2026-07-09 12:32:36,1,154.57,SI       154.57 g
199,49.5,2026-07-09 12:47:36,1,154.6,SI ?     154.60 g
200,49.75,2026-07-09 13:02:36,1,154.63,SI ?     154.63 g
201,50.0,2026-07-09 13:17:36,1,154.64,SI       154.64 g
202,50.25,2026-07-09 13:32:36,1,154.64,SI       154.64 g
203,50.5,2026-07-09 13:47:36,1,154.67,SI       154.67 g
204,50.75,2026-07-09 14:02:36,1,154.67,SI ?     154.67 g
205,51.0,2026-07-09 14:17:36,1,154.71,SI       154.71 g
206,51.25,2026-07-09 14:32:36,1,154.74,SI       154.74 g
207,51.5,2026-07-09 14:47:36,1,154.74,SI ?     154.74 g
208,51.75,2026-07-09 15:02:36,1,154.76,SI       154.76 g
209,52.0,2026-07-09 15:17:36,1,154.76,SI ?     154.76 g
210,52.25,2026-07-09 15:32:36,1,154.77,SI ?     154.77 g
211,52.5,2026-07-09 15:47:36,1,154.81,SI       154.81 g
212,52.75,2026-07-09 16:02:36,1,154.81,SI ?     154.81 g
213,53.0,2026-07-09 16:17:36,1,154.83,SI ?     154.83 g
214,53.25,2026-07-09 16:32:36,1,154.83,SI ?     154.83 g
215,53.5,2026-07-09 16:47:36,1,154.84,SI       154.84 g
216,53.75,2026-07-09 17:02:36,1,154.84,SI       154.84 g
217,54.0,2026-07-09 17:17:36,1,154.91,SI ?     154.91 g
218,54.25,2026-07-09 17:32:36,1,154.94,SI ?     154.94 g
219,54.5,2026-07-09 17:47:36,1,155.01,SI       155.01 g
220,54.75,2026-07-09 18:02:36,1,155.07,SI       155.07 g
221,55.0,2026-07-09 18:17:36,1,155.08,SI       155.08 g
222,55.25,2026-07-09 18:32:36,1,155.12,SI ?     155.12 g
223,55.5,2026-07-09 18:47:36,1,155.05,SI ?     155.05 g
224,55.75,2026-07-09 19:02:36,1,155.03,SI ?     155.03 g
225,56.0,2026-07-09 19:17:36,1,155.05,SI ?     155.05 g
226,56.25,2026-07-09 19:32:36,1,155.01,SI       155.01 g
227,56.5,2026-07-09 19:47:36,1,155.07,SI ?     155.07 g
228,56.75,2026-07-09 20:02:36,1,155.07,SI ?     155.07 g
229,57.0,2026-07-09 20:17:36,1,155.07,SI ?     155.07 g
230,57.25,2026-07-09 20:32:36,1,155.08,SI ?     155.08 g
231,57.5,2026-07-09 20:47:36,1,155.07,SI       155.07 g
232,57.75,2026-07-09 21:02:36,1,155.09,SI       155.09 g
233,58.0,2026-07-09 21:17:36,1,155.11,SI ?     155.11 g
234,58.25,2026-07-09 21:32:36,1,155.11,SI ?     155.11 g
235,58.5,2026-07-09 21:47:36,1,155.13,SI ?     155.13 g
236,58.75,2026-07-09 22:02:36,1,155.14,SI ?     155.14 g
237,59.0,2026-07-09 22:17:36,1,155.13,SI       155.13 g
238,59.25,2026-07-09 22:32:36,1,155.16,SI ?     155.16 g
239,59.5,2026-07-09 22:47:36,1,155.16,SI ?     155.16 g
240,59.75,2026-07-09 23:02:36,1,155.17,SI ?     155.17 g
241,60.0,2026-07-09 23:17:36,1,155.18,SI ?     155.18 g
242,60.25,2026-07-09 23:32:36,1,155.2,SI ?     155.20 g
243,60.5,2026-07-09 23:47:36,1,155.21,SI ?     155.21 g
244,60.75,2026-07-10 00:02:36,1,155.22,SI       155.22 g
245,61.0,2026-07-10 00:17:36,1,155.2,SI ?     155.20 g
246,61.25,2026-07-10 00:32:36,1,155.25,SI ?     155.25 g
247,61.5,2026-07-10 00:47:36,1,155.21,SI ?     155.21 g
248,61.75,2026-07-10 01:02:36,1,155.26,SI ?     155.26 g
249,62.0,2026-07-10 01:17:36,1,155.27,SI ?     155.27 g
250,62.25,2026-07-10 01:32:36,1,155.25,SI       155.25 g
251,62.5,2026-07-10 01:47:36,1,155.29,SI ?     155.29 g
252,62.75,2026-07-10 02:02:36,1,155.3,SI ?     155.30 g
253,63.0,2026-07-10 02:17:36,1,155.31,SI ?     155.31 g
254,63.25,2026-07-10 02:32:36,1,155.3,SI       155.30 g
255,63.5,2026-07-10 02:47:36,1,155.31,SI       155.31 g
256,63.75,2026-07-10 03:02:36,1,155.32,SI ?     155.32 g
257,64.0,2026-07-10 03:17:36,1,155.32,SI ?     155.32 g
258,64.25,2026-07-10 03:32:36,1,155.37,SI ?     155.37 g
259,64.5,2026-07-10 03:47:36,1,155.35,SI       155.35 g
260,64.75,2026-07-10 04:02:36,1,155.39,SI       155.39 g
261,65.0,2026-07-10 04:17:36,1,155.39,SI       155.39 g
262,65.25,2026-07-10 04:32:36,1,155.4,SI       155.40 g
263,65.5,2026-07-10 04:47:36,1,155.39,SI       155.39 g
264,65.75,2026-07-10 05:02:36,1,155.42,SI ?     155.42 g
265,66.0,2026-07-10 05:17:36,1,155.42,SI       155.42 g
266,66.25,2026-07-10 05:32:36,1,155.43,SI       155.43 g
267,66.5,2026-07-10 05:47:36,1,155.46,SI ?     155.46 g
268,66.75,2026-07-10 06:02:36,1,155.45,SI       155.45 g
269,67.0,2026-07-10 06:17:36,1,155.46,SI ?     155.46 g
270,67.25,2026-07-10 06:32:36,1,155.48,SI ?     155.48 g
271,67.5,2026-07-10 06:47:36,1,155.45,SI ?     155.45 g
272,67.75,2026-07-10 07:02:36,1,155.47,SI       155.47 g
273,68.0,2026-07-10 07:17:36,1,155.51,SI ?     155.51 g
274,68.25,2026-07-10 07:32:36,1,155.53,SI ?     155.53 g
275,68.5,2026-07-10 07:47:36,1,155.49,SI ?     155.49 g
276,68.75,2026-07-10 08:02:36,1,155.51,SI ?     155.51 g
277,69.0,2026-07-10 08:17:36,1,155.55,SI       155.55 g
278,69.25,2026-07-10 08:32:36,1,155.52,SI ?     155.52 g
279,69.5,2026-07-10 08:47:36,1,155.58,SI ?     155.58 g
280,69.75,2026-07-10 09:02:36,1,155.55,SI       155.55 g
281,70.0,2026-07-10 09:17:36,1,155.57,SI ?     155.57 g
282,70.25,2026-07-10 09:32:36,1,155.58,SI ?     155.58 g
283,70.5,2026-07-10 09:47:36,1,155.64,SI       155.64 g
284,70.75,2026-07-10 10:02:36,1,155.59,SI       155.59 g
285,71.0,2026-07-10 10:17:36,1,155.59,SI       155.59 g
286,71.25,2026-07-10 10:32:36,1,155.63,SI       155.63 g
287,71.5,2026-07-10 10:47:36,1,155.63,SI ?     155.63 g
288,71.75,2026-07-10 11:02:36,1,155.69,SI       155.69 g
289,72.0,2026-07-10 11:17:36,1,155.71,SI       155.71 g
290,72.25,2026-07-10 11:32:36,1,155.78,SI ?     155.78 g
291,72.5,2026-07-10 11:47:36,1,155.8,SI       155.80 g
292,72.75,2026-07-10 12:02:36,1,155.82,SI ?     155.82 g
293,73.0,2026-07-10 12:17:36,1,155.87,SI ?     155.87 g
294,73.25,2026-07-10 12:32:36,1,155.77,SI       155.77 g
295,73.5,2026-07-10 12:47:36,1,155.74,SI ?     155.74 g
296,73.75,2026-07-10 13:02:36,1,155.75,SI ?     155.75 g
297,74.0,2026-07-10 13:17:36,1,155.76,SI       155.76 g
298,74.25,2026-07-10 13:32:36,1,155.76,SI       155.76 g
299,74.5,2026-07-10 13:47:36,1,155.76,SI ?     155.76 g
300,74.75,2026-07-10 14:02:36,1,155.76,SI ?     155.76 g
301,75.0,2026-07-10 14:17:36,1,155.76,SI ?     155.76 g
302,75.25,2026-07-10 14:32:36,1,155.75,SI       155.75 g
303,75.5,2026-07-10 14:47:36,1,155.76,SI       155.76 g
304,75.75,2026-07-10 15:02:36,1,155.79,SI       155.79 g
305,76.0,2026-07-10 15:17:36,1,155.79,SI ?     155.79 g
306,76.25,2026-07-10 15:32:36,1,155.82,SI       155.82 g
307,76.5,2026-07-10 15:47:36,1,155.82,SI ?     155.82 g
308,76.75,2026-07-10 16:02:36,1,155.8,SI ?     155.80 g
309,77.0,2026-07-10 16:17:36,1,155.81,SI ?     155.81 g
310,77.25,2026-07-10 16:32:36,1,155.78,SI ?     155.78 g
311,77.5,2026-07-10 16:47:36,1,155.83,SI       155.83 g
312,77.75,2026-07-10 17:02:36,1,155.81,SI ?     155.81 g
313,78.0,2026-07-10 17:17:36,1,155.82,SI ?     155.82 g
314,78.25,2026-07-10 17:32:36,1,155.85,SI       155.85 g
315,78.5,2026-07-10 17:47:36,1,155.82,SI ?     155.82 g
316,78.75,2026-07-10 18:02:36,1,155.86,SI ?     155.86 g
317,79.0,2026-07-10 18:17:36,1,155.85,SI ?     155.85 g
318,79.25,2026-07-10 18:32:36,1,155.87,SI       155.87 g
319,79.5,2026-07-10 18:47:36,1,155.86,SI ?     155.86 g
320,79.75,2026-07-10 19:02:36,1,155.86,SI ?     155.86 g
321,80.0,2026-07-10 19:17:36,1,155.89,SI       155.89 g
322,80.25,2026-07-10 19:32:36,1,155.88,SI ?     155.88 g
323,80.5,2026-07-10 19:47:36,1,155.87,SI ?     155.87 g
324,80.75,2026-07-10 20:02:36,1,155.88,SI ?     155.88 g
325,81.0,2026-07-10 20:17:36,1,155.89,SI ?     155.89 g
326,81.25,2026-07-10 20:32:36,1,155.9,SI       155.90 g
327,81.5,2026-07-10 20:47:36,1,155.92,SI       155.92 g
328,81.75,2026-07-10 21:02:36,1,155.91,SI ?     155.91 g
329,82.0,2026-07-10 21:17:36,1,155.91,SI ?     155.91 g
330,82.25,2026-07-10 21:32:36,1,155.95,SI       155.95 g
331,82.5,2026-07-10 21:47:36,1,155.89,SI ?     155.89 g
332,82.75,2026-07-10 22:02:36,1,155.96,SI       155.96 g
333,83.0,2026-07-10 22:17:36,1,155.95,SI ?     155.95 g
334,83.25,2026-07-10 22:32:36,1,155.94,SI ?     155.94 g
335,83.5,2026-07-10 22:47:36,1,155.97,SI ?     155.97 g
336,83.75,2026-07-10 23:02:36,1,155.99,SI ?     155.99 g
337,84.0,2026-07-10 23:17:36,1,155.95,SI ?     155.95 g
338,84.25,2026-07-10 23:32:36,1,156.03,SI       156.03 g
339,84.5,2026-07-10 23:47:36,1,155.99,SI ?     155.99 g
340,84.75,2026-07-11 00:02:36,1,156.0,SI ?     156.00 g
341,85.0,2026-07-11 00:17:36,1,156.0,SI ?     156.00 g
342,85.25,2026-07-11 00:32:36,1,156.02,SI ?     156.02 g
343,85.5,2026-07-11 00:47:36,1,156.02,SI       156.02 g
344,85.75,2026-07-11 01:02:36,1,156.03,SI ?     156.03 g
345,86.0,2026-07-11 01:17:36,1,156.03,SI ?     156.03 g
346,86.25,2026-07-11 01:32:36,1,156.02,SI       156.02 g
347,86.5,2026-07-11 01:47:36,1,156.0,SI       156.00 g
348,86.75,2026-07-11 02:02:36,1,156.02,SI ?     156.02 g
349,87.0,2026-07-11 02:17:36,1,156.02,SI ?     156.02 g
350,87.25,2026-07-11 02:32:36,1,156.07,SI       156.07 g
351,87.5,2026-07-11 02:47:36,1,156.02,SI ?     156.02 g
352,87.75,2026-07-11 03:02:36,1,156.07,SI ?     156.07 g
353,88.0,2026-07-11 03:17:36,1,156.08,SI ?     156.08 g
354,88.25,2026-07-11 03:32:36,1,156.13,SI ?     156.13 g
355,88.5,2026-07-11 03:47:36,1,156.16,SI ?     156.16 g
356,88.75,2026-07-11 04:02:36,1,156.22,SI ?     156.22 g
357,89.0,2026-07-11 04:17:36,1,156.22,SI       156.22 g
358,89.25,2026-07-11 04:32:36,1,156.26,SI ?     156.26 g
359,89.5,2026-07-11 04:47:36,1,156.24,SI ?     156.24 g
360,89.75,2026-07-11 05:02:36,1,156.15,SI ?     156.15 g
361,90.0,2026-07-11 05:17:36,1,156.13,SI       156.13 g
362,90.25,2026-07-11 05:32:36,1,156.19,SI ?     156.19 g
363,90.5,2026-07-11 05:47:36,1,156.15,SI       156.15 g
364,90.75,2026-07-11 06:02:36,1,156.14,SI ?     156.14 g
365,91.0,2026-07-11 06:17:36,1,156.16,SI ?     156.16 g
366,91.25,2026-07-11 06:32:36,1,156.17,SI ?     156.17 g
367,91.5,2026-07-11 06:47:36,1,156.14,SI       156.14 g
368,91.75,2026-07-11 07:02:36,1,156.16,SI ?     156.16 g
369,92.0,2026-07-11 07:17:36,1,156.15,SI       156.15 g
370,92.25,2026-07-11 07:32:36,1,156.18,SI ?     156.18 g
371,92.5,2026-07-11 07:47:36,1,156.18,SI ?     156.18 g
372,92.75,2026-07-11 08:02:36,1,156.19,SI ?     156.19 g
373,93.0,2026-07-11 08:17:36,1,156.16,SI       156.16 g
374,93.25,2026-07-11 08:32:36,1,156.18,SI ?     156.18 g
375,93.5,2026-07-11 08:47:36,1,156.16,SI       156.16 g
376,93.75,2026-07-11 09:02:36,1,156.16,SI ?     156.16 g
377,94.0,2026-07-11 09:17:36,1,156.19,SI ?     156.19 g
378,94.25,2026-07-11 09:32:36,1,156.19,SI       156.19 g
379,94.5,2026-07-11 09:47:36,1,156.21,SI ?     156.21 g
380,94.75,2026-07-11 10:02:36,1,156.18,SI ?     156.18 g
381,95.0,2026-07-11 10:17:36,1,156.22,SI ?     156.22 g
382,95.25,2026-07-11 10:32:36,1,156.21,SI ?     156.21 g
383,95.5,2026-07-11 10:47:36,1,156.21,SI ?     156.21 g
384,95.75,2026-07-11 11:02:36,1,156.22,SI       156.22 g
385,96.0,2026-07-11 11:17:36,1,156.22,SI ?     156.22 g
386,96.25,2026-07-11 11:32:36,1,156.23,SI       156.23 g
387,96.5,2026-07-11 11:47:36,1,156.22,SI ?     156.22 g
388,96.75,2026-07-11 12:02:36,1,156.23,SI ?     156.23 g
389,97.0,2026-07-11 12:17:36,1,156.19,SI ?     156.19 g
390,97.25,2026-07-11 12:32:36,1,156.22,SI ?     156.22 g
391,97.5,2026-07-11 12:47:36,1,156.25,SI ?     156.25 g
392,97.75,2026-07-11 13:02:36,1,156.24,SI ?     156.24 g
393,98.0,2026-07-11 13:17:36,1,156.25,SI ?     156.25 g
394,98.25,2026-07-11 13:32:36,1,156.25,SI       156.25 g
395,98.5,2026-07-11 13:47:36,1,156.26,SI       156.26 g
396,98.75,2026-07-11 14:02:36,1,156.24,SI       156.24 g
397,99.0,2026-07-11 14:17:36,1,156.27,SI ?     156.27 g
398,99.25,2026-07-11 14:32:36,1,156.28,SI ?     156.28 g
399,99.5,2026-07-11 14:47:36,1,156.28,SI ?     156.28 g
400,99.75,2026-07-11 15:02:36,1,156.27,SI ?     156.27 g
401,100.0,2026-07-11 15:17:36,1,156.28,SI ?     156.28 g
402,100.25,2026-07-11 15:32:36,1,156.26,SI ?     156.26 g
403,100.5,2026-07-11 15:47:36,1,156.28,SI       156.28 g
404,100.75,2026-07-11 16:02:36,1,156.29,SI ?     156.29 g
405,101.0,2026-07-11 16:17:36,1,156.3,SI ?     156.30 g
406,101.25,2026-07-11 16:32:36,1,156.28,SI ?     156.28 g
407,101.5,2026-07-11 16:47:36,1,156.31,SI ?     156.31 g
408,101.75,2026-07-11 17:02:36,1,156.32,SI ?     156.32 g
409,102.0,2026-07-11 17:17:36,1,156.32,SI ?     156.32 g
410,102.25,2026-07-11 17:32:36,1,156.35,SI       156.35 g
411,102.5,2026-07-11 17:47:36,1,156.34,SI ?     156.34 g
412,102.75,2026-07-11 18:02:36,1,156.43,SI       156.43 g
413,103.0,2026-07-11 18:17:36,1,156.47,SI       156.47 g
414,103.25,2026-07-11 18:32:36,1,156.49,SI ?     156.49 g
415,103.5,2026-07-11 18:47:36,1,156.51,SI ?     156.51 g
416,103.75,2026-07-11 19:02:36,1,156.48,SI ?     156.48 g
417,104.0,2026-07-11 19:17:36,1,156.42,SI       156.42 g
418,104.25,2026-07-11 19:32:36,1,156.41,SI ?     156.41 g
419,104.5,2026-07-11 19:47:36,1,156.37,SI ?     156.37 g
420,104.75,2026-07-11 20:02:36,1,156.39,SI       156.39 g
421,105.0,2026-07-11 20:17:36,1,156.37,SI ?     156.37 g
422,105.25,2026-07-11 20:32:36,1,156.38,SI       156.38 g
423,105.5,2026-07-11 20:47:36,1,156.4,SI ?     156.40 g
424,105.75,2026-07-11 21:02:36,1,156.38,SI       156.38 g
425,106.0,2026-07-11 21:17:36,1,156.39,SI ?     156.39 g
426,106.25,2026-07-11 21:32:36,1,156.38,SI ?     156.38 g
427,106.5,2026-07-11 21:47:36,1,156.42,SI ?     156.42 g
428,106.75,2026-07-11 22:02:36,1,156.4,SI ?     156.40 g
429,107.0,2026-07-11 22:17:36,1,156.38,SI       156.38 g
430,107.25,2026-07-11 22:32:36,1,156.4,SI ?     156.40 g
431,107.5,2026-07-11 22:47:36,1,156.4,SI       156.40 g
432,107.75,2026-07-11 23:02:36,1,156.41,SI       156.41 g
433,108.0,2026-07-11 23:17:36,1,156.39,SI ?     156.39 g
434,108.25,2026-07-11 23:32:36,1,156.39,SI       156.39 g
435,108.5,2026-07-11 23:47:36,1,156.4,SI ?     156.40 g
436,108.75,2026-07-12 00:02:36,1,156.39,SI ?     156.39 g
437,109.0,2026-07-12 00:17:36,1,156.4,SI ?     156.40 g
438,109.25,2026-07-12 00:32:36,1,156.41,SI       156.41 g
439,109.5,2026-07-12 00:47:36,1,156.41,SI ?     156.41 g
440,109.75,2026-07-12 01:02:36,1,156.45,SI ?     156.45 g
441,110.0,2026-07-12 01:17:36,1,156.41,SI ?     156.41 g
442,110.25,2026-07-12 01:32:36,1,156.43,SI       156.43 g
443,110.5,2026-07-12 01:47:36,1,156.4,SI ?     156.40 g
444,110.75,2026-07-12 02:02:36,1,156.41,SI ?     156.41 g
445,111.0,2026-07-12 02:17:36,1,156.44,SI ?     156.44 g
446,111.25,2026-07-12 02:32:36,1,156.41,SI ?     156.41 g
447,111.5,2026-07-12 02:47:36,1,156.44,SI ?     156.44 g
448,111.75,2026-07-12 03:02:36,1,156.45,SI ?     156.45 g
449,112.0,2026-07-12 03:17:36,1,156.47,SI       156.47 g
450,112.25,2026-07-12 03:32:36,1,156.46,SI ?     156.46 g
451,112.5,2026-07-12 03:47:36,1,156.45,SI ?     156.45 g
452,112.75,2026-07-12 04:02:36,1,156.43,SI ?     156.43 g
453,113.0,2026-07-12 04:17:36,1,156.42,SI ?     156.42 g
454,113.25,2026-07-12 04:32:36,1,156.46,SI       156.46 g
455,113.5,2026-07-12 04:47:36,1,156.43,SI ?     156.43 g
456,113.75,2026-07-12 05:02:36,1,156.48,SI       156.48 g
457,114.0,2026-07-12 05:17:36,1,156.46,SI       156.46 g
458,114.25,2026-07-12 05:32:36,1,156.46,SI ?     156.46 g
459,114.5,2026-07-12 05:47:36,1,156.46,SI ?     156.46 g
460,114.75,2026-07-12 06:02:36,1,156.48,SI       156.48 g
461,115.0,2026-07-12 06:17:36,1,156.46,SI ?     156.46 g
462,115.25,2026-07-12 06:32:36,1,156.45,SI ?     156.45 g
463,115.5,2026-07-12 06:47:36,1,156.49,SI       156.49 g
464,115.75,2026-07-12 07:02:36,1,156.47,SI       156.47 g
465,116.0,2026-07-12 07:17:36,1,156.47,SI ?     156.47 g
466,116.25,2026-07-12 07:32:36,1,156.46,SI ?     156.46 g
467,116.5,2026-07-12 07:47:36,1,156.49,SI       156.49 g
468,116.75,2026-07-12 08:02:36,1,156.49,SI       156.49 g
469,117.0,2026-07-12 08:17:36,1,156.5,SI       156.50 g
470,117.25,2026-07-12 08:32:36,1,156.5,SI ?     156.50 g
471,117.5,2026-07-12 08:47:36,1,156.49,SI       156.49 g
472,117.75,2026-07-12 09:02:36,1,156.51,SI       156.51 g
473,118.0,2026-07-12 09:17:36,1,156.51,SI ?     156.51 g
474,118.25,2026-07-12 09:32:36,1,156.51,SI ?     156.51 g
475,118.5,2026-07-12 09:47:36,1,156.54,SI ?     156.54 g
476,118.75,2026-07-12 10:02:36,1,156.52,SI ?     156.52 g
477,119.0,2026-07-12 10:17:36,1,156.5,SI ?     156.50 g
478,119.25,2026-07-12 10:32:36,1,156.53,SI ?     156.53 g
479,119.5,2026-07-12 10:47:36,1,156.52,SI       156.52 g
480,119.75,2026-07-12 11:02:36,1,156.48,SI ?     156.48 g
481,120.0,2026-07-12 11:17:36,1,156.49,SI ?     156.49 g
482,120.25,2026-07-12 11:32:36,1,156.55,SI ?     156.55 g
483,120.5,2026-07-12 11:47:36,1,156.5,SI ?     156.50 g
484,120.75,2026-07-12 12:02:36,1,156.56,SI ?     156.56 g
485,121.0,2026-07-12 12:17:36,1,156.53,SI ?     156.53 g
486,121.25,2026-07-12 12:32:36,1,156.6,SI ?     156.60 g
487,121.5,2026-07-12 12:47:36,1,156.65,SI ?     156.65 g
488,121.75,2026-07-12 13:02:36,1,156.68,SI ?     156.68 g
489,122.0,2026-07-12 13:17:36,1,156.7,SI ?     156.70 g
490,122.25,2026-07-12 13:32:36,1,156.7,SI ?     156.70 g
491,122.5,2026-07-12 13:47:36,1,156.66,SI ?     156.66 g
492,122.75,2026-07-12 14:02:36,1,156.64,SI ?     156.64 g
493,123.0,2026-07-12 14:17:36,1,156.6,SI ?     156.60 g
494,123.25,2026-07-12 14:32:36,1,156.62,SI ?     156.62 g
495,123.5,2026-07-12 14:47:36,1,156.58,SI       156.58 g
496,123.75,2026-07-12 15:02:36,1,156.6,SI ?     156.60 g
497,124.0,2026-07-12 15:17:36,1,156.6,SI ?     156.60 g
498,124.25,2026-07-12 15:32:36,1,156.6,SI       156.60 g
499,124.5,2026-07-12 15:47:36,1,156.59,SI       156.59 g
500,124.75,2026-07-12 16:02:36,1,156.59,SI       156.59 g
501,125.0,2026-07-12 16:17:36,1,156.58,SI ?     156.58 g
502,125.25,2026-07-12 16:32:36,1,156.59,SI ?     156.59 g
503,125.5,2026-07-12 16:47:36,1,156.58,SI       156.58 g
504,125.75,2026-07-12 17:02:36,1,156.58,SI       156.58 g
505,126.0,2026-07-12 17:17:36,1,156.6,SI ?     156.60 g
506,126.25,2026-07-12 17:32:36,1,156.61,SI ?     156.61 g
507,126.5,2026-07-12 17:47:36,1,156.57,SI ?     156.57 g
508,126.75,2026-07-12 18:02:36,1,156.57,SI ?     156.57 g
509,127.0,2026-07-12 18:17:36,1,156.6,SI       156.60 g
510,127.25,2026-07-12 18:32:36,1,156.56,SI ?     156.56 g
511,127.5,2026-07-12 18:47:36,1,156.59,SI       156.59 g
512,127.75,2026-07-12 19:02:36,1,156.59,SI ?     156.59 g
513,128.0,2026-07-12 19:17:36,1,156.59,SI ?     156.59 g
514,128.25,2026-07-12 19:32:36,1,156.59,SI ?     156.59 g
515,128.5,2026-07-12 19:47:36,1,156.61,SI       156.61 g
516,128.75,2026-07-12 20:02:36,1,156.62,SI ?     156.62 g
517,129.0,2026-07-12 20:17:36,1,156.63,SI ?     156.63 g
518,129.25,2026-07-12 20:32:36,1,156.59,SI ?     156.59 g
519,129.5,2026-07-12 20:47:36,1,156.6,SI       156.60 g
520,129.75,2026-07-12 21:02:36,1,156.58,SI ?     156.58 g
521,130.0,2026-07-12 21:17:36,1,156.62,SI ?     156.62 g
522,130.25,2026-07-12 21:32:36,1,156.6,SI ?     156.60 g
523,130.5,2026-07-12 21:47:36,1,156.6,SI ?     156.60 g
524,130.75,2026-07-12 22:02:36,1,156.62,SI       156.62 g
525,131.0,2026-07-12 22:17:36,1,156.6,SI ?     156.60 g
526,131.25,2026-07-12 22:32:36,1,156.62,SI       156.62 g
527,131.5,2026-07-12 22:47:36,1,156.62,SI       156.62 g
528,131.75,2026-07-12 23:02:36,1,156.62,SI       156.62 g
529,132.0,2026-07-12 23:17:36,1,156.6,SI ?     156.60 g
530,132.25,2026-07-12 23:32:36,1,156.65,SI ?     156.65 g
531,132.5,2026-07-12 23:47:36,1,156.63,SI       156.63 g
532,132.75,2026-07-13 00:02:36,1,156.61,SI ?     156.61 g
533,133.0,2026-07-13 00:17:36,1,156.6,SI ?     156.60 g
534,133.25,2026-07-13 00:32:36,1,156.63,SI       156.63 g
535,133.5,2026-07-13 00:47:36,1,156.63,SI ?     156.63 g
536,133.75,2026-07-13 01:02:36,1,156.62,SI       156.62 g
537,134.0,2026-07-13 01:17:36,1,156.63,SI ?     156.63 g
538,134.25,2026-07-13 01:32:36,1,156.66,SI ?     156.66 g
539,134.5,2026-07-13 01:47:36,1,156.65,SI ?     156.65 g
540,134.75,2026-07-13 02:02:36,1,156.65,SI ?     156.65 g
541,135.0,2026-07-13 02:17:36,1,156.59,SI ?     156.59 g
542,135.25,2026-07-13 02:32:36,1,156.62,SI ?     156.62 g
543,135.5,2026-07-13 02:47:36,1,156.66,SI ?     156.66 g
544,135.75,2026-07-13 03:02:36,1,156.66,SI       156.66 g
545,136.0,2026-07-13 03:17:36,1,156.67,SI       156.67 g
546,136.25,2026-07-13 03:32:36,1,156.66,SI ?     156.66 g
547,136.5,2026-07-13 03:47:36,1,156.64,SI ?     156.64 g
548,136.75,2026-07-13 04:02:36,1,156.64,SI ?     156.64 g
549,137.0,2026-07-13 04:17:36,1,156.63,SI ?     156.63 g
550,137.25,2026-07-13 04:32:36,1,156.66,SI ?     156.66 g
551,137.5,2026-07-13 04:47:36,1,156.69,SI ?     156.69 g
552,137.75,2026-07-13 05:02:36,1,156.62,SI ?     156.62 g
553,138.0,2026-07-13 05:17:36,1,156.67,SI ?     156.67 g
554,138.25,2026-07-13 05:32:36,1,156.63,SI ?     156.63 g
555,138.5,2026-07-13 05:47:36,1,156.67,SI       156.67 g
556,138.75,2026-07-13 06:02:36,1,156.67,SI ?     156.67 g
557,139.0,2026-07-13 06:17:36,1,156.73,SI ?     156.73 g
558,139.25,2026-07-13 06:32:36,1,156.73,SI ?     156.73 g
559,139.5,2026-07-13 06:47:36,1,156.82,SI       156.82 g
560,139.75,2026-07-13 07:02:36,1,156.81,SI       156.81 g
561,140.0,2026-07-13 07:17:36,1,156.84,SI ?     156.84 g
562,140.25,2026-07-13 07:32:36,1,156.81,SI       156.81 g
563,140.5,2026-07-13 07:47:36,1,156.78,SI       156.78 g
564,140.75,2026-07-13 08:02:36,1,156.73,SI ?     156.73 g
565,141.0,2026-07-13 08:17:36,1,156.74,SI ?     156.74 g
566,141.25,2026-07-13 08:32:36,1,156.71,SI       156.71 g
567,141.5,2026-07-13 08:47:36,1,156.73,SI ?     156.73 g
568,141.75,2026-07-13 09:02:36,1,156.71,SI ?     156.71 g
569,142.0,2026-07-13 09:17:36,1,156.72,SI       156.72 g
570,142.25,2026-07-13 09:32:36,1,156.72,SI ?     156.72 g
571,142.5,2026-07-13 09:47:36,1,156.73,SI ?     156.73 g
572,142.75,2026-07-13 10:02:36,1,156.74,SI ?     156.74 g
573,143.0,2026-07-13 10:17:36,1,156.7,SI ?     156.70 g
574,143.25,2026-07-13 10:32:36,1,156.71,SI       156.71 g
575,143.5,2026-07-13 10:47:36,1,156.7,SI       156.70 g
576,143.75,2026-07-13 11:02:36,1,156.72,SI       156.72 g
577,144.0,2026-07-13 11:17:36,1,156.7,SI ?     156.70 g
578,144.25,2026-07-13 11:32:36,1,156.73,SI ?     156.73 g
579,144.5,2026-07-13 11:47:36,1,156.69,SI ?     156.69 g
580,144.75,2026-07-13 12:02:36,1,156.69,SI ?     156.69 g
581,145.0,2026-07-13 12:17:36,1,156.69,SI       156.69 g
582,145.25,2026-07-13 12:32:36,1,156.71,SI       156.71 g
583,145.5,2026-07-13 12:47:36,1,156.7,SI ?     156.70 g
584,145.75,2026-07-13 13:02:36,1,156.71,SI       156.71 g
585,146.0,2026-07-13 13:17:36,1,156.71,SI       156.71 g
586,146.25,2026-07-13 13:32:36,1,156.69,SI ?     156.69 g
587,146.5,2026-07-13 13:47:36,1,156.71,SI       156.71 g
588,146.75,2026-07-13 14:02:36,1,156.73,SI ?     156.73 g
589,147.0,2026-07-13 14:17:36,1,156.72,SI       156.72 g
590,147.25,2026-07-13 14:32:36,1,156.73,SI ?     156.73 g
591,147.5,2026-07-13 14:47:36,1,156.7,SI       156.70 g
592,147.75,2026-07-13 15:02:36,1,156.73,SI ?     156.73 g
593,148.0,2026-07-13 15:17:36,1,156.73,SI ?     156.73 g
594,148.25,2026-07-13 15:32:36,1,156.72,SI ?     156.72 g
595,148.5,2026-07-13 15:47:36,1,156.7,SI       156.70 g
596,148.75,2026-07-13 16:02:36,1,156.72,SI ?     156.72 g
597,149.0,2026-07-13 16:17:36,1,156.76,SI       156.76 g
598,149.25,2026-07-13 16:32:36,1,156.73,SI ?     156.73 g
599,149.5,2026-07-13 16:47:36,1,156.73,SI       156.73 g
600,149.75,2026-07-13 17:02:36,1,156.73,SI       156.73 g
601,150.0,2026-07-13 17:17:36,1,156.71,SI ?     156.71 g
602,150.25,2026-07-13 17:32:36,1,156.73,SI ?     156.73 g
603,150.5,2026-07-13 17:47:36,1,156.76,SI ?     156.76 g
604,150.75,2026-07-13 18:02:36,1,156.71,SI ?     156.71 g
605,151.0,2026-07-13 18:17:36,1,156.75,SI ?     156.75 g
606,151.25,2026-07-13 18:32:36,1,156.73,SI       156.73 g
607,151.5,2026-07-13 18:47:36,1,156.75,SI       156.75 g
608,151.75,2026-07-13 19:02:36,1,156.73,SI ?     156.73 g
609,152.0,2026-07-13 19:17:36,1,156.72,SI ?     156.72 g
610,152.25,2026-07-13 19:32:36,1,156.76,SI       156.76 g
611,152.5,2026-07-13 19:47:36,1,156.73,SI       156.73 g
612,152.75,2026-07-13 20:02:36,1,156.74,SI ?     156.74 g
613,153.0,2026-07-13 20:17:36,1,156.74,SI ?     156.74 g
614,153.25,2026-07-13 20:32:36,1,156.74,SI ?     156.74 g
615,153.5,2026-07-13 20:47:36,1,156.76,SI ?     156.76 g
616,153.75,2026-07-13 21:02:36,1,156.73,SI       156.73 g
617,154.0,2026-07-13 21:17:36,1,156.74,SI ?     156.74 g
618,154.25,2026-07-13 21:32:36,1,156.74,SI ?     156.74 g
619,154.5,2026-07-13 21:47:36,1,156.78,SI ?     156.78 g
620,154.75,2026-07-13 22:02:36,1,156.74,SI ?     156.74 g
621,155.0,2026-07-13 22:17:36,1,156.77,SI ?     156.77 g
622,155.25,2026-07-13 22:32:36,1,156.76,SI ?     156.76 g
623,155.5,2026-07-13 22:47:36,1,156.79,SI ?     156.79 g
624,155.75,2026-07-13 23:02:36,1,156.82,SI       156.82 g
625,156.0,2026-07-13 23:17:36,1,156.88,SI ?     156.88 g
626,156.25,2026-07-13 23:32:36,1,156.94,SI       156.94 g
627,156.5,2026-07-13 23:47:36,1,156.93,SI ?     156.93 g
628,156.75,2026-07-14 00:02:36,1,156.9,SI ?     156.90 g
629,157.0,2026-07-14 00:17:36,1,156.85,SI ?     156.85 g
630,157.25,2026-07-14 00:32:36,1,156.85,SI ?     156.85 g
631,157.5,2026-07-14 00:47:36,1,156.82,SI ?     156.82 g
632,157.75,2026-07-14 01:02:36,1,156.81,SI ?     156.81 g
633,158.0,2026-07-14 01:17:36,1,156.82,SI       156.82 g
634,158.25,2026-07-14 01:32:36,1,156.81,SI       156.81 g
635,158.5,2026-07-14 01:47:36,1,156.81,SI ?     156.81 g
636,158.75,2026-07-14 02:02:36,1,156.82,SI ?     156.82 g
637,159.0,2026-07-14 02:17:36,1,156.82,SI ?     156.82 g
638,159.25,2026-07-14 02:32:36,1,156.78,SI       156.78 g
639,159.5,2026-07-14 02:47:36,1,156.77,SI       156.77 g
640,159.75,2026-07-14 03:02:36,1,156.8,SI ?     156.80 g
641,160.0,2026-07-14 03:17:36,1,156.81,SI ?     156.81 g
642,160.25,2026-07-14 03:32:36,1,156.75,SI       156.75 g
643,160.5,2026-07-14 03:47:36,1,156.8,SI ?     156.80 g
644,160.75,2026-07-14 04:02:36,1,156.81,SI ?     156.81 g
645,161.0,2026-07-14 04:17:36,1,156.79,SI       156.79 g
646,161.25,2026-07-14 04:32:36,1,156.79,SI       156.79 g
647,161.5,2026-07-14 04:47:36,1,156.76,SI ?     156.76 g
648,161.75,2026-07-14 05:02:36,1,156.77,SI       156.77 g
649,162.0,2026-07-14 05:17:36,1,156.79,SI ?     156.79 g
650,162.25,2026-07-14 05:32:36,1,156.81,SI ?     156.81 g
651,162.5,2026-07-14 05:47:36,1,156.79,SI ?     156.79 g
652,162.75,2026-07-14 06:02:36,1,156.79,SI ?     156.79 g
653,163.0,2026-07-14 06:17:36,1,156.8,SI       156.80 g
654,163.25,2026-07-14 06:32:36,1,156.8,SI ?     156.80 g
655,163.5,2026-07-14 06:47:36,1,156.78,SI       156.78 g
656,163.75,2026-07-14 07:02:36,1,156.8,SI       156.80 g
657,164.0,2026-07-14 07:17:36,1,156.79,SI ?     156.79 g
658,164.25,2026-07-14 07:32:36,1,156.77,SI ?     156.77 g
659,164.5,2026-07-14 07:47:36,1,156.81,SI ?     156.81 g
660,164.75,2026-07-14 08:02:36,1,156.8,SI ?     156.80 g
661,165.0,2026-07-14 08:17:36,1,156.8,SI       156.80 g
662,165.25,2026-07-14 08:32:36,1,156.8,SI ?     156.80 g
663,165.5,2026-07-14 08:47:36,1,156.79,SI ?     156.79 g
664,165.75,2026-07-14 09:02:36,1,156.81,SI       156.81 g
665,166.0,2026-07-14 09:17:36,1,156.77,SI ?     156.77 g
666,166.25,2026-07-14 09:32:36,1,156.8,SI       156.80 g
667,166.5,2026-07-14 09:47:36,1,156.76,SI ?     156.76 g
668,166.75,2026-07-14 10:02:36,1,156.8,SI ?     156.80 g
669,167.0,2026-07-14 10:17:36,1,156.85,SI ?     156.85 g
670,167.25,2026-07-14 10:32:36,1,156.8,SI ?     156.80 g
671,167.5,2026-07-14 10:47:36,1,156.82,SI       156.82 g
672,167.75,2026-07-14 11:02:36,1,156.8,SI ?     156.80 g
